-- CoAIleague Production Database Migration
-- Generated: 2026-01-01T15:57:21.636Z
-- 
-- This script safely migrates development data to production.
-- Uses INSERT ... ON CONFLICT DO NOTHING to avoid duplicates.
-- Run this in the Replit Production Database pane.
--
-- IMPORTANT: Run these statements in order!

BEGIN;

-- ============================================================================
-- 1. USERS TABLE - Core authentication data
-- ============================================================================
INSERT INTO users (id, email, first_name, last_name, password_hash, role, email_verified, current_workspace_id, created_at, updated_at, profile_image_url, phone, last_login_at, login_attempts, locked_until, mfa_enabled, mfa_secret, work_id) VALUES ('GTa1Ag', 'Root@getdc360.com', 'Root', 'User', '$2b$12$x1ClcnPDnA8IFvYG9z7clu7xBlMXy3kokTEKRfGJxMapCQpuBU9wu', 'user', TRUE, NULL, '2025-11-04T06:50:26.181Z', '2025-11-08T04:55:34.306Z', NULL, NULL, '2025-11-08T04:55:34.306Z', 0, NULL, FALSE, NULL, NULL) ON CONFLICT (id) DO NOTHING;
INSERT INTO users (id, email, first_name, last_name, password_hash, role, email_verified, current_workspace_id, created_at, updated_at, profile_image_url, phone, last_login_at, login_attempts, locked_until, mfa_enabled, mfa_secret, work_id) VALUES ('user-a-id', 'alice@test.com', 'Alice', 'Anderson', NULL, 'user', FALSE, NULL, '2025-11-05T00:47:02.904Z', '2025-11-05T00:47:02.904Z', NULL, NULL, NULL, 0, NULL, FALSE, NULL, NULL) ON CONFLICT (id) DO NOTHING;
INSERT INTO users (id, email, first_name, last_name, password_hash, role, email_verified, current_workspace_id, created_at, updated_at, profile_image_url, phone, last_login_at, login_attempts, locked_until, mfa_enabled, mfa_secret, work_id) VALUES ('ai-bot', 'ai-bot@workforceos.com', 'AI', 'Assistant', 'no-password-bot-account', 'user', FALSE, NULL, '2025-10-16T05:38:34.246Z', '2025-10-16T05:38:34.246Z', NULL, NULL, NULL, 0, NULL, FALSE, NULL, NULL) ON CONFLICT (id) DO NOTHING;
INSERT INTO users (id, email, first_name, last_name, password_hash, role, email_verified, current_workspace_id, created_at, updated_at, profile_image_url, phone, last_login_at, login_attempts, locked_until, mfa_enabled, mfa_secret, work_id) VALUES ('user-b-id', 'bob@test.com', 'Bob', 'Brown', NULL, 'user', FALSE, NULL, '2025-11-05T00:47:02.933Z', '2025-11-05T00:47:02.933Z', NULL, NULL, NULL, 0, NULL, FALSE, NULL, NULL) ON CONFLICT (id) DO NOTHING;
INSERT INTO users (id, email, first_name, last_name, password_hash, role, email_verified, current_workspace_id, created_at, updated_at, profile_image_url, phone, last_login_at, login_attempts, locked_until, mfa_enabled, mfa_secret, work_id) VALUES ('helpos-ai-bot', 'helpos@workforceos.com', 'HelpOS', 'AI Bot', NULL, 'user', TRUE, NULL, '2025-10-17T00:49:51.728Z', '2025-10-17T00:49:51.728Z', NULL, NULL, NULL, 0, NULL, FALSE, NULL, 'HelpOS-AI-Bot') ON CONFLICT (id) DO NOTHING;
INSERT INTO users (id, email, first_name, last_name, password_hash, role, email_verified, current_workspace_id, created_at, updated_at, profile_image_url, phone, last_login_at, login_attempts, locked_until, mfa_enabled, mfa_secret, work_id) VALUES ('T_FqOK', 'T_FqOK@example.com', 'John', 'Doe', NULL, 'user', FALSE, NULL, '2025-11-03T22:50:11.240Z', '2025-11-03T22:50:11.240Z', NULL, NULL, NULL, 0, NULL, FALSE, NULL, NULL) ON CONFLICT (id) DO NOTHING;
INSERT INTO users (id, email, first_name, last_name, password_hash, role, email_verified, current_workspace_id, created_at, updated_at, profile_image_url, phone, last_login_at, login_attempts, locked_until, mfa_enabled, mfa_secret, work_id) VALUES ('f356ebda-c5da-4f43-ba93-38d5725bac26', 'test@workforceos.demo', 'Test', 'Organization', '$2a$10$8Z5yZJ4bQ8pX9X9X9X9X9OqG7.yZJ4bQ8pX9X9X9X9X9OqG7.yZJ4b', 'user', TRUE, NULL, '2025-11-03T23:04:09.114Z', '2025-11-03T23:15:03.269Z', NULL, NULL, NULL, 1, NULL, FALSE, NULL, 'TEST-00-000-00-0001') ON CONFLICT (id) DO NOTHING;
INSERT INTO users (id, email, first_name, last_name, password_hash, role, email_verified, current_workspace_id, created_at, updated_at, profile_image_url, phone, last_login_at, login_attempts, locked_until, mfa_enabled, mfa_secret, work_id) VALUES ('root-admin-workfos', 'root@workf-os.com', 'Brigido', 'Guillen', '$2b$10$XEUX3wL9wI2VEjEoUdCSw.O8xFVIfhUJAGahknql8PdWYj0DITrSe', 'user', TRUE, 'ops-workspace-00000000', '2025-10-16T01:10:53.137Z', '2025-11-04T01:30:36.423Z', NULL, NULL, '2025-11-04T01:30:36.423Z', 0, NULL, FALSE, NULL, NULL) ON CONFLICT (id) DO NOTHING;
INSERT INTO users (id, email, first_name, last_name, password_hash, role, email_verified, current_workspace_id, created_at, updated_at, profile_image_url, phone, last_login_at, login_attempts, locked_until, mfa_enabled, mfa_secret, work_id) VALUES ('manager-001', 'manager@demo.com', 'Manager', 'Demo', NULL, 'manager', FALSE, 'demo-workspace-00000000', '2025-11-05T04:02:18.429Z', '2025-11-05T04:02:18.429Z', NULL, NULL, NULL, 0, NULL, FALSE, NULL, NULL) ON CONFLICT (id) DO NOTHING;
INSERT INTO users (id, email, first_name, last_name, password_hash, role, email_verified, current_workspace_id, created_at, updated_at, profile_image_url, phone, last_login_at, login_attempts, locked_until, mfa_enabled, mfa_secret, work_id) VALUES ('manager-test-001', 'manager@test.com', 'Test', 'Manager', NULL, 'manager', FALSE, 'demo-workspace-00000000', '2025-11-05T04:07:45.618Z', '2025-11-05T04:07:45.618Z', NULL, NULL, NULL, 0, NULL, FALSE, NULL, NULL) ON CONFLICT (id) DO NOTHING;
INSERT INTO users (id, email, first_name, last_name, password_hash, role, email_verified, current_workspace_id, created_at, updated_at, profile_image_url, phone, last_login_at, login_attempts, locked_until, mfa_enabled, mfa_secret, work_id) VALUES ('mgr-001', 'mgr@test.com', 'Test', 'Manager', NULL, 'manager', FALSE, 'demo-workspace-00000000', '2025-11-05T04:13:19.398Z', '2025-11-05T04:13:19.398Z', NULL, NULL, NULL, 0, NULL, FALSE, NULL, NULL) ON CONFLICT (id) DO NOTHING;
INSERT INTO users (id, email, first_name, last_name, password_hash, role, email_verified, current_workspace_id, created_at, updated_at, profile_image_url, phone, last_login_at, login_attempts, locked_until, mfa_enabled, mfa_secret, work_id) VALUES ('mgr-test-002', 'mgr2@test.com', 'Manager', 'Two', NULL, 'manager', FALSE, 'demo-workspace-00000000', '2025-11-05T04:15:55.962Z', '2025-11-05T04:15:55.962Z', NULL, NULL, NULL, 0, NULL, FALSE, NULL, NULL) ON CONFLICT (id) DO NOTHING;
INSERT INTO users (id, email, first_name, last_name, password_hash, role, email_verified, current_workspace_id, created_at, updated_at, profile_image_url, phone, last_login_at, login_attempts, locked_until, mfa_enabled, mfa_secret, work_id) VALUES ('pc9ZlD', 'pc9ZlD@example.com', 'John', 'Doe', NULL, 'user', FALSE, NULL, '2025-11-11T22:06:01.947Z', '2025-11-11T22:06:01.947Z', NULL, NULL, NULL, 0, NULL, FALSE, NULL, NULL) ON CONFLICT (id) DO NOTHING;
INSERT INTO users (id, email, first_name, last_name, password_hash, role, email_verified, current_workspace_id, created_at, updated_at, profile_image_url, phone, last_login_at, login_attempts, locked_until, mfa_enabled, mfa_secret, work_id) VALUES ('48003611', 'txpsinvestigations@gmail.com', 'Brigido', 'Guillen', '$2b$10$r3GT8OdoCwxosnHVWfQmFeMRnvv1BOhJIKA5BjWQ3g2eG3LQ4ko0K', 'user', FALSE, '37a04d24-51bd-4856-9faa-d26a2fe82094', '2025-10-14T22:29:46.473Z', '2026-01-01T15:44:33.944Z', NULL, NULL, '2026-01-01T15:44:33.944Z', 0, NULL, FALSE, NULL, NULL) ON CONFLICT (id) DO NOTHING;
INSERT INTO users (id, email, first_name, last_name, password_hash, role, email_verified, current_workspace_id, created_at, updated_at, profile_image_url, phone, last_login_at, login_attempts, locked_until, mfa_enabled, mfa_secret, work_id) VALUES ('a021ec20-d3ea-486b-9b18-dc7cc6b9248f', 'test+BKbjIO@example.com', 'Test', 'User', '$2b$12$A2Kp0r0UFxKYQjlmOeKgAOYzJM0qLLYiuIDHH/fhutuCgT7S7fOb2', 'user', FALSE, NULL, '2025-11-04T05:12:57.911Z', '2025-11-04T05:12:57.939Z', NULL, NULL, NULL, 0, NULL, FALSE, NULL, NULL) ON CONFLICT (id) DO NOTHING;
INSERT INTO users (id, email, first_name, last_name, password_hash, role, email_verified, current_workspace_id, created_at, updated_at, profile_image_url, phone, last_login_at, login_attempts, locked_until, mfa_enabled, mfa_secret, work_id) VALUES ('8f4d29b3-7ffd-4992-9e04-bf0c048ee198', 'S53Weg@example.com', 'John', 'Doe', '$2b$12$6H7SFAsUalZ9ZBetQU9F5uw5/OzvbHB21AbfSodZ/dfhWf4.k1Ns.', 'user', FALSE, NULL, '2025-11-04T05:16:33.908Z', '2025-11-04T05:16:33.927Z', NULL, NULL, NULL, 0, NULL, FALSE, NULL, NULL) ON CONFLICT (id) DO NOTHING;
INSERT INTO users (id, email, first_name, last_name, password_hash, role, email_verified, current_workspace_id, created_at, updated_at, profile_image_url, phone, last_login_at, login_attempts, locked_until, mfa_enabled, mfa_secret, work_id) VALUES ('9cbe5cd9-9a0a-4517-9739-c33b41287a7d', 'owner-nJv3nR@test.com', 'Test', 'Owner', '$2b$12$IaM94QUDHIqlieQVB0e5RuvKwquu4DO3pzhwYn3/EiM2MuTe13tNO', 'user', FALSE, 'bbc669c3-a993-43de-a1b7-a300b0857b14', '2025-11-11T15:19:41.039Z', '2025-11-11T15:19:41.251Z', NULL, NULL, NULL, 0, NULL, FALSE, NULL, NULL) ON CONFLICT (id) DO NOTHING;
INSERT INTO users (id, email, first_name, last_name, password_hash, role, email_verified, current_workspace_id, created_at, updated_at, profile_image_url, phone, last_login_at, login_attempts, locked_until, mfa_enabled, mfa_secret, work_id) VALUES ('demo-user-00000000', 'demo@shiftsync.app', 'Demo', 'User', NULL, 'support_staff', FALSE, 'demo-workspace-00000000', '2025-11-05T03:34:10.573Z', '2025-11-05T03:34:10.573Z', NULL, NULL, NULL, 0, NULL, FALSE, NULL, NULL) ON CONFLICT (id) DO NOTHING;
INSERT INTO users (id, email, first_name, last_name, password_hash, role, email_verified, current_workspace_id, created_at, updated_at, profile_image_url, phone, last_login_at, login_attempts, locked_until, mfa_enabled, mfa_secret, work_id) VALUES ('707a63ae-3779-4794-a416-b5cd21ce56ae', 'owner-mHsWcC@test.com', 'Test', 'Owner', '$2b$12$YoAN4oSDCmVNW19yo.j3feaZoal9I/4fX.VUFotSFeXZ7tAq9JWIG', 'user', FALSE, '984a65d0-02a9-4319-a05d-b4101d7cda2a', '2025-11-11T16:01:35.272Z', '2025-11-11T16:01:35.560Z', NULL, NULL, NULL, 0, NULL, FALSE, NULL, NULL) ON CONFLICT (id) DO NOTHING;
INSERT INTO users (id, email, first_name, last_name, password_hash, role, email_verified, current_workspace_id, created_at, updated_at, profile_image_url, phone, last_login_at, login_attempts, locked_until, mfa_enabled, mfa_secret, work_id) VALUES ('root-user-00000000', 'root@getdc360.com', 'Brigido', 'Guillen', '$2b$10$wN0UMmTiGuG0wEi/04xywOqwnLUILRxQmFTjuTfgovPv1kBS.T3ei', 'admin', FALSE, 'ops-workspace-00000000', '2025-10-14T03:53:44.597Z', '2025-12-27T02:23:39.111Z', NULL, NULL, '2025-12-27T02:23:39.111Z', 0, NULL, FALSE, NULL, NULL) ON CONFLICT (id) DO NOTHING;
INSERT INTO users (id, email, first_name, last_name, password_hash, role, email_verified, current_workspace_id, created_at, updated_at, profile_image_url, phone, last_login_at, login_attempts, locked_until, mfa_enabled, mfa_secret, work_id) VALUES ('113115d1-9cd2-4b09-adfd-a43ebc239013', 'owner-FxLxYS@test.com', 'Test', 'Owner', '$2b$12$P6sYpB4LCFQ263BILJ1WJOPAKtZedHfS0RTj.SA2tf3qswPsD3Xau', 'user', FALSE, 'd1faa76b-81d5-49b3-8268-c4b48bbb8e20', '2025-11-11T16:07:08.020Z', '2025-11-11T16:07:08.432Z', NULL, NULL, NULL, 0, NULL, FALSE, NULL, NULL) ON CONFLICT (id) DO NOTHING;
INSERT INTO users (id, email, first_name, last_name, password_hash, role, email_verified, current_workspace_id, created_at, updated_at, profile_image_url, phone, last_login_at, login_attempts, locked_until, mfa_enabled, mfa_secret, work_id) VALUES ('u-emp-high', 'alice@example.com', 'Alice', 'Reliable', NULL, 'user', FALSE, NULL, '2025-11-09T01:52:22.700Z', '2025-11-09T01:52:22.700Z', NULL, NULL, NULL, 0, NULL, FALSE, NULL, NULL) ON CONFLICT (id) DO NOTHING;
INSERT INTO users (id, email, first_name, last_name, password_hash, role, email_verified, current_workspace_id, created_at, updated_at, profile_image_url, phone, last_login_at, login_attempts, locked_until, mfa_enabled, mfa_secret, work_id) VALUES ('u-emp-medium', 'bob@example.com', 'Bob', 'Average', NULL, 'user', FALSE, NULL, '2025-11-09T01:52:22.700Z', '2025-11-09T01:52:22.700Z', NULL, NULL, NULL, 0, NULL, FALSE, NULL, NULL) ON CONFLICT (id) DO NOTHING;
INSERT INTO users (id, email, first_name, last_name, password_hash, role, email_verified, current_workspace_id, created_at, updated_at, profile_image_url, phone, last_login_at, login_attempts, locked_until, mfa_enabled, mfa_secret, work_id) VALUES ('u-emp-low', 'charlie@example.com', 'Charlie', 'Unreliable', NULL, 'user', FALSE, NULL, '2025-11-09T01:52:22.700Z', '2025-11-09T01:52:22.700Z', NULL, NULL, NULL, 0, NULL, FALSE, NULL, NULL) ON CONFLICT (id) DO NOTHING;
INSERT INTO users (id, email, first_name, last_name, password_hash, role, email_verified, current_workspace_id, created_at, updated_at, profile_image_url, phone, last_login_at, login_attempts, locked_until, mfa_enabled, mfa_secret, work_id) VALUES ('d2e46257-0834-4721-8d68-a9193e5d4522', 'testfbBuEf@test.com', 'Test', 'Owner', '$2b$12$9cVAFCEza5jso6T7yRS7k.a2lfUpgGkQp/SVthDh5veSv6KD5huJO', 'user', FALSE, '08acb6cd-6e10-4151-b44b-1e6bceaa4b01', '2025-11-11T16:30:59.113Z', '2025-11-11T16:30:59.399Z', NULL, NULL, NULL, 0, NULL, FALSE, NULL, NULL) ON CONFLICT (id) DO NOTHING;
INSERT INTO users (id, email, first_name, last_name, password_hash, role, email_verified, current_workspace_id, created_at, updated_at, profile_image_url, phone, last_login_at, login_attempts, locked_until, mfa_enabled, mfa_secret, work_id) VALUES ('1f59d13c-aa52-4ba8-8166-8994ab588e3a', 'testorguiJrug@example.com', 'TestOrg', 'Owner', '$2b$12$Z44LKEbXzdpXXij4P61zFenRWU1xiYOiiuz1mTKNWM.p9wYd1vG/q', 'user', FALSE, 'b34b0f20-a3a6-4960-b783-810f3badae63', '2025-11-19T03:09:47.600Z', '2025-11-19T03:09:47.600Z', NULL, NULL, NULL, 0, NULL, FALSE, NULL, NULL) ON CONFLICT (id) DO NOTHING;
INSERT INTO users (id, email, first_name, last_name, password_hash, role, email_verified, current_workspace_id, created_at, updated_at, profile_image_url, phone, last_login_at, login_attempts, locked_until, mfa_enabled, mfa_secret, work_id) VALUES ('6f2047ca-67b0-4e1c-b195-6b44669823c6', 'testorgBn5jgD@example.com', 'TestOrg', 'Owner', '$2b$12$UYWR.kk3mJzKcSXSEv7Q2ejnE3NlFUE4l.4WdbeWqjJRib8g5/4Ji', 'user', FALSE, '9a6cb400-383c-4d8f-8916-68b936c72c67', '2025-11-19T03:03:28.248Z', '2025-11-19T03:03:28.648Z', NULL, NULL, NULL, 0, NULL, FALSE, NULL, NULL) ON CONFLICT (id) DO NOTHING;
INSERT INTO users (id, email, first_name, last_name, password_hash, role, email_verified, current_workspace_id, created_at, updated_at, profile_image_url, phone, last_login_at, login_attempts, locked_until, mfa_enabled, mfa_secret, work_id) VALUES ('acbc17fd-4242-4ee4-bd1e-473eaa2125fd', 'test-owner-ckU-4v@autoforce.test', 'Sarah', 'Johnson', '$2b$12$Alj9BBB02PL6R0ww9jc6Ee.7vUatIhqm8N1LkCIM0dg3v772BB5Yy', 'user', FALSE, '6a412d01-bfa6-4b1c-a9c3-396a106fe5a2', '2025-11-11T15:05:29.534Z', '2025-11-11T15:05:29.745Z', NULL, NULL, NULL, 0, NULL, FALSE, NULL, NULL) ON CONFLICT (id) DO NOTHING;
INSERT INTO users (id, email, first_name, last_name, password_hash, role, email_verified, current_workspace_id, created_at, updated_at, profile_image_url, phone, last_login_at, login_attempts, locked_until, mfa_enabled, mfa_secret, work_id) VALUES ('w-l2Jb', 'w-l2Jb@example.com', 'Test', 'User', NULL, 'user', FALSE, NULL, '2025-11-11T22:22:20.287Z', '2025-11-11T22:25:52.395Z', NULL, NULL, NULL, 0, NULL, FALSE, NULL, NULL) ON CONFLICT (id) DO NOTHING;
INSERT INTO users (id, email, first_name, last_name, password_hash, role, email_verified, current_workspace_id, created_at, updated_at, profile_image_url, phone, last_login_at, login_attempts, locked_until, mfa_enabled, mfa_secret, work_id) VALUES ('7e03f6f6-db13-43d8-a64b-44094a2071db', 'testorg-eKynw@example.com', 'TestOrg', 'Owner', '$2b$12$wFEqktZ9DP9hurdqPllWoe15X0i8WEROO39xSymFjbu7/YtB2397a', 'user', FALSE, 'f50cd319-8fb5-443f-9e94-1f5469b997ec', '2025-11-19T03:07:03.507Z', '2025-11-19T03:07:03.507Z', NULL, NULL, NULL, 0, NULL, FALSE, NULL, NULL) ON CONFLICT (id) DO NOTHING;
INSERT INTO users (id, email, first_name, last_name, password_hash, role, email_verified, current_workspace_id, created_at, updated_at, profile_image_url, phone, last_login_at, login_attempts, locked_until, mfa_enabled, mfa_secret, work_id) VALUES ('863c67a8-0d01-4546-9374-d93aeee576a3', 'testorgLWlkCE@example.com', 'TestOrg', 'Owner', '$2b$12$agadVslRjLnuMglrbNTugepQ7tuK2M8ijtsJ3JFGtXvM6lNvSRMnK', 'user', FALSE, '568af7de-7f5e-4ae9-ace6-5076c03808ef', '2025-11-19T03:13:55.167Z', '2025-11-19T03:14:50.823Z', NULL, NULL, '2025-11-19T03:14:50.823Z', 0, NULL, FALSE, NULL, NULL) ON CONFLICT (id) DO NOTHING;
INSERT INTO users (id, email, first_name, last_name, password_hash, role, email_verified, current_workspace_id, created_at, updated_at, profile_image_url, phone, last_login_at, login_attempts, locked_until, mfa_enabled, mfa_secret, work_id) VALUES ('52bb2cff-808f-4dff-8a89-111b0c4fdfe2', 'testorgIr47Gv@example.com', 'TestOrg', 'Owner', '$2b$12$ZQWOGbn9TZ8MI.Nef1h12ewO9ZDRvB8NgUDp.PZuBj.9BYcCqtAL2', 'user', FALSE, 'f1a628fe-b5c3-4381-b4c4-7d234a7dee8f', '2025-11-19T03:11:43.169Z', '2025-11-19T03:11:43.872Z', NULL, NULL, NULL, 0, NULL, FALSE, NULL, NULL) ON CONFLICT (id) DO NOTHING;
INSERT INTO users (id, email, first_name, last_name, password_hash, role, email_verified, current_workspace_id, created_at, updated_at, profile_image_url, phone, last_login_at, login_attempts, locked_until, mfa_enabled, mfa_secret, work_id) VALUES ('09877ba4-6df1-4c73-8142-9420c62a480a', 'mobileorg4GqnRj@example.com', 'MobileOrg', 'Owner', '$2b$12$b/MBqxn8uU0F8rssdPXHheuCRPJ4MLblBxb41zL0cmkvz1/RgvdFa', 'user', FALSE, '6761aa33-a7db-4d83-9e93-3e012b52f1d2', '2025-11-19T03:39:39.031Z', '2025-11-19T03:39:39.674Z', NULL, NULL, NULL, 0, NULL, FALSE, NULL, NULL) ON CONFLICT (id) DO NOTHING;
INSERT INTO users (id, email, first_name, last_name, password_hash, role, email_verified, current_workspace_id, created_at, updated_at, profile_image_url, phone, last_login_at, login_attempts, locked_until, mfa_enabled, mfa_secret, work_id) VALUES ('fa035993-95b4-41b8-bf6b-302bd2250b1f', 'mobileuserNxRT2B@example.com', 'MobileUser', 'Test', '$2b$12$j8O.R7wHEPs.VCp/x8Hjve545XGvrzKkMarAVlVTp3fSZyZjT4Tde', 'user', FALSE, 'f694be87-c12f-43da-a986-6b4604c51578', '2025-11-19T03:43:50.910Z', '2025-11-19T03:43:51.611Z', NULL, NULL, NULL, 0, NULL, FALSE, NULL, NULL) ON CONFLICT (id) DO NOTHING;
INSERT INTO users (id, email, first_name, last_name, password_hash, role, email_verified, current_workspace_id, created_at, updated_at, profile_image_url, phone, last_login_at, login_attempts, locked_until, mfa_enabled, mfa_secret, work_id) VALUES ('ff299d41-7a24-4f57-a7c3-94dcde8fb6eb', 'test-PYWn09@autoforce.example', 'Integration', 'Test', '$2b$12$yXSqBCYJwOEtwxJSZtCMPeSKBT/SZ97Gj9fxhBjGzPWpaiMHo2EUC', 'user', FALSE, '36c61005-9334-43c1-9a48-871ebf6034d9', '2025-11-19T22:04:05.831Z', '2025-11-19T22:04:06.421Z', NULL, NULL, NULL, 0, NULL, FALSE, NULL, NULL) ON CONFLICT (id) DO NOTHING;
INSERT INTO users (id, email, first_name, last_name, password_hash, role, email_verified, current_workspace_id, created_at, updated_at, profile_image_url, phone, last_login_at, login_attempts, locked_until, mfa_enabled, mfa_secret, work_id) VALUES ('8bc87080-38ac-4cc8-86c2-34e502259ce0', 'migrateXCNjCk@test.com', 'Test', 'MigrationE3Ms', '$2b$12$.iwW0cDuvJtfYk99Z4iOe.kshHacDsPapJoyyZO/hhOXI74THvoJC', 'user', FALSE, '69f09e4b-e918-4d12-a0bb-0b16efb472b9', '2025-11-21T01:20:54.945Z', '2025-11-21T01:20:55.560Z', NULL, NULL, NULL, 0, NULL, FALSE, NULL, NULL) ON CONFLICT (id) DO NOTHING;
INSERT INTO users (id, email, first_name, last_name, password_hash, role, email_verified, current_workspace_id, created_at, updated_at, profile_image_url, phone, last_login_at, login_attempts, locked_until, mfa_enabled, mfa_secret, work_id) VALUES ('233183b8-a259-467c-81aa-15127f2038a9', 'gaps9CIN7@test.com', 'Gap', 'AnalysisubOn', '$2b$12$85a2D7ONiyyacOcoNVqRnuJRw6fuBgfkuqKvvzsM/Zc/7AVAZYKMO', 'user', FALSE, '0e28960c-4b3a-44fa-bc57-88f2050abcb9', '2025-11-21T01:24:24.545Z', '2025-11-21T01:24:25.067Z', NULL, NULL, NULL, 0, NULL, FALSE, NULL, NULL) ON CONFLICT (id) DO NOTHING;
INSERT INTO users (id, email, first_name, last_name, password_hash, role, email_verified, current_workspace_id, created_at, updated_at, profile_image_url, phone, last_login_at, login_attempts, locked_until, mfa_enabled, mfa_secret, work_id) VALUES ('ui1hD0', 'root@example.com', 'Admin', 'User', NULL, 'user', FALSE, NULL, '2025-11-21T15:21:06.510Z', '2025-11-21T15:21:06.510Z', NULL, NULL, NULL, 0, NULL, FALSE, NULL, NULL) ON CONFLICT (id) DO NOTHING;
INSERT INTO users (id, email, first_name, last_name, password_hash, role, email_verified, current_workspace_id, created_at, updated_at, profile_image_url, phone, last_login_at, login_attempts, locked_until, mfa_enabled, mfa_secret, work_id) VALUES ('45c163d0-068a-4f51-9df6-4034acd3c094', 'org-user-1763837587@test.com', 'Test', 'User', '$2b$12$9eRy4c.bVD.OFcjC1KQPnuiVNMqWkd1Qe0ngJK4PkrcllS0IODxSC', 'user', FALSE, '7c55f264-1c1d-4807-a2ec-262db7835054', '2025-11-22T18:53:07.846Z', '2025-11-22T18:53:09.884Z', NULL, NULL, '2025-11-22T18:53:09.884Z', 0, NULL, FALSE, NULL, NULL) ON CONFLICT (id) DO NOTHING;
INSERT INTO users (id, email, first_name, last_name, password_hash, role, email_verified, current_workspace_id, created_at, updated_at, profile_image_url, phone, last_login_at, login_attempts, locked_until, mfa_enabled, mfa_secret, work_id) VALUES ('helpai-bot', 'helpai@coaileague.ai', 'HelpAI', 'Bot', NULL, 'user', FALSE, NULL, '2025-12-01T02:13:44.470Z', '2025-12-01T02:13:44.470Z', NULL, NULL, NULL, 0, NULL, FALSE, NULL, NULL) ON CONFLICT (id) DO NOTHING;

-- ============================================================================
-- 2. PLATFORM_ROLES TABLE - Admin and system roles
-- ============================================================================
INSERT INTO platform_roles (id, user_id, role, granted_at, granted_by, notes, revoked_at, revoked_by) VALUES ('e2d402f8-fb44-4129-a0f2-703f0dc91aaa', 'root-user-00000000', 'root_admin', NULL, NULL, NULL, NULL, NULL) ON CONFLICT (id) DO NOTHING;
INSERT INTO platform_roles (id, user_id, role, granted_at, granted_by, notes, revoked_at, revoked_by) VALUES ('b495135c-14bf-4579-8c04-23fd38994696', 'root-admin-workfos', 'root_admin', NULL, 'root-admin-workfos', NULL, NULL, NULL) ON CONFLICT (id) DO NOTHING;
INSERT INTO platform_roles (id, user_id, role, granted_at, granted_by, notes, revoked_at, revoked_by) VALUES ('9543b698-9267-4197-a21e-e72cd31406f6', 'f356ebda-c5da-4f43-ba93-38d5725bac26', 'root_admin', NULL, NULL, NULL, NULL, NULL) ON CONFLICT (id) DO NOTHING;
INSERT INTO platform_roles (id, user_id, role, granted_at, granted_by, notes, revoked_at, revoked_by) VALUES ('dc25aceb-26f6-4d0d-8ea2-d75552df94ac', 'GTa1Ag', 'root_admin', NULL, NULL, NULL, NULL, NULL) ON CONFLICT (id) DO NOTHING;

-- ============================================================================
-- 3. WORKSPACES TABLE - Organization/tenant data
-- ============================================================================
INSERT INTO workspaces (id, name, slug, owner_id, logo_url, primary_color, created_at, updated_at, address, city, state, zip_code, phone, email, subscription_tier, stripe_customer_id, stripe_subscription_id, billing_email, trial_ends_at, subscription_status, features, settings) VALUES ('ops-workspace-00000000', 'CoAIleague Support', NULL, 'root-user-00000000', NULL, NULL, '2025-10-14T03:53:44.647Z', '2025-11-14T03:21:11.748Z', '', NULL, NULL, NULL, NULL, NULL, 'enterprise', NULL, NULL, NULL, NULL, 'active', NULL, NULL) ON CONFLICT (id) DO NOTHING;
INSERT INTO workspaces (id, name, slug, owner_id, logo_url, primary_color, created_at, updated_at, address, city, state, zip_code, phone, email, subscription_tier, stripe_customer_id, stripe_subscription_id, billing_email, trial_ends_at, subscription_status, features, settings) VALUES ('autoforce-platform-workspace', 'AutoForce Platform', NULL, 'root-user-00000000', NULL, NULL, '2025-11-13T19:33:27.344Z', '2025-11-13T19:33:27.344Z', NULL, NULL, NULL, NULL, NULL, NULL, 'enterprise', NULL, NULL, NULL, NULL, 'cancelled', NULL, NULL) ON CONFLICT (id) DO NOTHING;
INSERT INTO workspaces (id, name, slug, owner_id, logo_url, primary_color, created_at, updated_at, address, city, state, zip_code, phone, email, subscription_tier, stripe_customer_id, stripe_subscription_id, billing_email, trial_ends_at, subscription_status, features, settings) VALUES ('coaileague-platform-workspace', 'CoAIleague Platform', NULL, 'root-user-00000000', NULL, NULL, '2025-11-27T07:05:57.483Z', '2025-11-27T07:05:57.483Z', NULL, NULL, NULL, NULL, NULL, NULL, 'enterprise', NULL, NULL, NULL, NULL, 'cancelled', NULL, NULL) ON CONFLICT (id) DO NOTHING;
INSERT INTO workspaces (id, name, slug, owner_id, logo_url, primary_color, created_at, updated_at, address, city, state, zip_code, phone, email, subscription_tier, stripe_customer_id, stripe_subscription_id, billing_email, trial_ends_at, subscription_status, features, settings) VALUES ('37a04d24-51bd-4856-9faa-d26a2fe82094', 'Statewide Protective Services', NULL, '48003611', NULL, NULL, '2025-12-30T01:53:55.537Z', '2025-12-30T01:53:55.537Z', NULL, NULL, NULL, NULL, NULL, NULL, 'free', NULL, NULL, NULL, '2026-01-15T01:51:54.071Z', 'trial', NULL, NULL) ON CONFLICT (id) DO NOTHING;

-- ============================================================================
-- 4. EMPLOYEES TABLE - Employee records linked to users/workspaces
-- ============================================================================
INSERT INTO employees (id, user_id, workspace_id, employee_id, first_name, last_name, email, phone, role, department, hire_date, status, hourly_rate, created_at, updated_at, profile_image_url, permissions, skills, certifications) VALUES ('8d31a497-e9fe-48d9-b819-9c6869948c39', 'root-user-00000000', 'ops-workspace-00000000', NULL, 'Root', 'Administrator', 'root@getdc360.com', NULL, NULL, NULL, NULL, NULL, '0.00', '2025-10-14T03:53:44.743Z', '2025-10-14T03:53:44.743Z', NULL, NULL, NULL, NULL) ON CONFLICT (id) DO NOTHING;
INSERT INTO employees (id, user_id, workspace_id, employee_id, first_name, last_name, email, phone, role, department, hire_date, status, hourly_rate, created_at, updated_at, profile_image_url, permissions, skills, certifications) VALUES ('helpai-employee', NULL, 'ops-workspace-00000000', NULL, 'HelpAI', 'Bot', 'helpai@coaileague.support', NULL, 'AI Support Assistant', NULL, NULL, NULL, NULL, '2025-12-11T21:05:15.834Z', '2025-12-11T21:05:15.834Z', NULL, NULL, NULL, NULL) ON CONFLICT (id) DO NOTHING;
INSERT INTO employees (id, user_id, workspace_id, employee_id, first_name, last_name, email, phone, role, department, hire_date, status, hourly_rate, created_at, updated_at, profile_image_url, permissions, skills, certifications) VALUES ('trinity-employee', NULL, 'ops-workspace-00000000', NULL, 'Trinity', 'AI', 'trinity@coaileague.support', NULL, 'AI Platform Guide', NULL, NULL, NULL, NULL, '2025-12-11T21:05:15.834Z', '2025-12-11T21:05:15.834Z', NULL, NULL, NULL, NULL) ON CONFLICT (id) DO NOTHING;
INSERT INTO employees (id, user_id, workspace_id, employee_id, first_name, last_name, email, phone, role, department, hire_date, status, hourly_rate, created_at, updated_at, profile_image_url, permissions, skills, certifications) VALUES ('3fd50980-85f8-4f18-8b7a-5906ba8ccfe0', '48003611', '37a04d24-51bd-4856-9faa-d26a2fe82094', NULL, 'Brigido', 'Guillen', 'txpsinvestigations@gmail.com', NULL, 'Other', NULL, NULL, NULL, NULL, '2025-12-30T01:53:55.775Z', '2026-01-01T00:49:53.663Z', NULL, NULL, NULL, NULL) ON CONFLICT (id) DO NOTHING;

-- ============================================================================
-- COMMIT TRANSACTION
-- ============================================================================
COMMIT;

-- Migration complete! 
-- Total records: 40 users, 4 roles, 4 workspaces, 4 employees
